197.890573,353.597687,2021-05-31 16:59:39 
197.890573,353.597687,2021-05-31 17:00:06 
197.887641,353.59998,2021-05-31 17:00:07 
197.887381,353.600554,2021-05-31 17:00:08 
197.887035,353.601243,2021-05-31 17:00:09 
197.886774,353.602163,2021-05-31 17:00:10 
197.8866,353.603083,2021-05-31 17:00:11 
197.886512,353.603888,2021-05-31 17:00:12 
197.886511,353.604233,2021-05-31 17:00:13 
197.886682,353.604578,2021-05-31 17:00:14 
197.886768,353.604578,2021-05-31 17:00:15 
197.887284,353.604925,2021-05-31 17:00:16 
197.887283,353.60527,2021-05-31 17:00:17 
197.883069,353.603534,2021-05-31 17:00:18 
197.882209,353.603416,2021-05-31 17:00:19 
197.881349,353.603184,2021-05-31 17:00:20 
197.87876,353.605708,2021-05-31 17:00:21 
197.874714,353.605812,2021-05-31 17:00:22 
197.86207,353.602214,2021-05-31 17:00:23 
197.85381,353.600582,2021-05-31 17:00:24 
197.847355,353.600221,2021-05-31 17:00:25 
197.840727,353.600089,2021-05-31 17:00:26 
197.834013,353.600071,2021-05-31 17:00:27 
197.827386,353.599939,2021-05-31 17:00:28 
197.82093,353.599693,2021-05-31 17:00:29 
197.814475,353.599446,2021-05-31 17:00:30 
197.80802,353.599084,2021-05-31 17:00:31 
197.801565,353.598723,2021-05-31 17:00:32 
197.79511,353.598476,2021-05-31 17:00:33 
197.788912,353.598345,2021-05-31 17:00:34 
197.782629,353.598214,2021-05-31 17:00:35 
197.776346,353.598083,2021-05-31 17:00:36 
197.760597,353.596432,2021-05-31 17:00:38 
197.753196,353.595723,2021-05-31 17:00:39 
197.746652,353.596857,2021-05-31 17:00:40 
197.739679,353.596954,2021-05-31 17:00:41 
197.732793,353.596822,2021-05-31 17:00:42 
197.725994,353.596459,2021-05-31 17:00:43 
197.719108,353.595982,2021-05-31 17:00:44 
197.716436,353.5977,2021-05-31 17:00:45 
197.711787,353.597803,2021-05-31 17:00:46 
197.707397,353.597677,2021-05-31 17:00:47 
197.705158,353.598131,2021-05-31 17:00:48 
197.70292,353.598011,2021-05-31 17:00:49 
197.700167,353.597774,2021-05-31 17:00:50 
197.698101,353.597653,2021-05-31 17:00:51 
197.696035,353.597533,2021-05-31 17:00:52 
197.698146,353.613987,2021-05-31 17:00:53 
197.69985,353.620778,2021-05-31 17:00:54 
197.698625,353.628366,2021-05-31 17:00:55 
197.698868,353.634578,2021-05-31 17:00:56 
197.699196,353.64079,2021-05-31 17:00:57 
197.69918,353.647116,2021-05-31 17:00:58 
197.699076,353.654478,2021-05-31 17:00:59 
197.699231,353.661149,2021-05-31 17:01:00 
197.699127,353.66805,2021-05-31 17:01:01 
197.699024,353.674952,2021-05-31 17:01:02 
197.700298,353.681396,2021-05-31 17:01:03 
197.700711,353.688184,2021-05-31 17:01:04 
197.700867,353.694625,2021-05-31 17:01:05 
197.696295,353.69864,2021-05-31 17:01:06 
197.694559,353.704386,2021-05-31 17:01:07 
197.692735,353.710938,2021-05-31 17:01:08 
197.691857,353.717607,2021-05-31 17:01:09 
197.68884,353.71921,2021-05-31 17:01:10 
197.685304,353.722076,2021-05-31 17:01:11 
197.683143,353.725407,2021-05-31 17:01:12 
197.681415,353.728163,2021-05-31 17:01:13 
197.680801,353.732417,2021-05-31 17:01:14 
197.680193,353.734716,2021-05-31 17:01:15 
197.678987,353.735173,2021-05-31 17:01:16 
197.677522,353.73586,2021-05-31 17:01:17 
197.675971,353.736431,2021-05-31 17:01:18 
197.674334,353.737002,2021-05-31 17:01:19 
197.672791,353.734352,2021-05-31 17:01:20 
197.666103,353.724213,2021-05-31 17:01:21 
197.661292,353.72052,2021-05-31 17:01:22 
197.656825,353.716943,2021-05-31 17:01:23 
197.652015,353.713135,2021-05-31 17:01:24 
197.647119,353.708982,2021-05-31 17:01:25 
197.641879,353.704713,2021-05-31 17:01:26 
197.638969,353.698264,2021-05-31 17:01:27 
197.634592,353.693077,2021-05-31 17:01:28 
197.629698,353.688004,2021-05-31 17:01:29 
197.624546,353.683045,2021-05-31 17:01:30 
197.619137,353.677625,2021-05-31 17:01:31 
197.613641,353.67232,2021-05-31 17:01:32 
197.607888,353.666669,2021-05-31 17:01:33 
197.60205,353.660903,2021-05-31 17:01:34 
197.59578,353.655251,2021-05-31 17:01:35 
197.589683,353.649485,2021-05-31 17:01:36 
197.583932,353.643259,2021-05-31 17:01:37 
197.577662,353.637607,2021-05-31 17:01:38 
197.571479,353.631955,2021-05-31 17:01:39 
197.565295,353.626534,2021-05-31 17:01:40 
197.559368,353.621343,2021-05-31 17:01:41 
197.553613,353.616612,2021-05-31 17:01:42 
197.548202,353.611998,2021-05-31 17:01:43 
197.543047,353.607844,2021-05-31 17:01:44 
197.540823,353.602432,2021-05-31 17:01:45 
197.539113,353.597597,2021-05-31 17:01:46 
197.535937,353.594369,2021-05-31 17:01:47 
197.533188,353.591831,2021-05-31 17:01:48 
197.5313,353.589641,2021-05-31 17:01:49 
197.529668,353.588372,2021-05-31 17:01:50 
197.528895,353.587795,2021-05-31 17:01:51 
197.528636,353.587794,2021-05-31 17:01:52 
197.528464,353.588024,2021-05-31 17:01:53 
197.528291,353.588253,2021-05-31 17:01:54 
197.528291,353.588253,2021-05-31 17:02:30 
197.523806,353.591923,2021-05-31 17:02:31 
197.523891,353.592038,2021-05-31 17:02:32 
197.523633,353.592152,2021-05-31 17:02:33 
197.523374,353.592382,2021-05-31 17:02:34 
197.523374,353.592382,2021-05-31 17:03:24 
197.527766,353.591703,2021-05-31 17:03:25 
197.527423,353.590897,2021-05-31 17:03:26 
197.52519,353.588936,2021-05-31 17:03:27 
197.522958,353.586514,2021-05-31 17:03:28 
197.520641,353.583978,2021-05-31 17:03:29 
197.518151,353.581441,2021-05-31 17:03:30 
197.522302,353.57363,2021-05-31 17:03:31 
197.523692,353.568343,2021-05-31 17:03:32 
197.52646,353.563058,2021-05-31 17:03:33 
197.530004,353.557431,2021-05-31 17:03:34 
197.533806,353.551574,2021-05-31 17:03:35 
197.537694,353.545603,2021-05-31 17:03:36 
197.541583,353.539747,2021-05-31 17:03:37 
197.545557,353.533775,2021-05-31 17:03:38 
197.547214,353.525383,2021-05-31 17:03:39 
197.549814,353.518143,2021-05-31 17:03:40 
197.551814,353.510326,2021-05-31 17:03:41 
197.553298,353.502048,2021-05-31 17:03:42 
197.554268,353.492964,2021-05-31 17:03:43 
197.562317,353.475385,2021-05-31 17:03:44 
197.563549,353.464691,2021-05-31 17:03:45 
197.566598,353.450321,2021-05-31 17:03:46 
197.559978,353.446969,2021-05-31 17:03:47 
197.559918,353.436846,2021-05-31 17:03:48 
197.56099,353.421206,2021-05-31 17:03:49 
197.559903,353.408436,2021-05-31 17:03:50 
197.558383,353.396584,2021-05-31 17:03:51 
197.563669,353.38268,2021-05-31 17:03:52 
197.565508,353.370262,2021-05-31 17:03:53 
197.566484,353.358877,2021-05-31 17:03:54 
197.567805,353.346803,2021-05-31 17:03:55 
197.569729,353.335075,2021-05-31 17:03:56 
197.572512,353.32358,2021-05-31 17:03:57 
197.575899,353.311741,2021-05-31 17:03:58 
197.57963,353.300248,2021-05-31 17:03:59 
197.583962,353.289102,2021-05-31 17:04:00 
197.588466,353.277956,2021-05-31 17:04:01 
197.593057,353.26681,2021-05-31 17:04:02 
197.602043,353.253605,2021-05-31 17:04:03 
197.609473,353.243157,2021-05-31 17:04:04 
197.618787,353.236509,2021-05-31 17:04:05 
197.628194,353.227215,2021-05-31 17:04:06 
197.637514,353.218267,2021-05-31 17:04:07 
197.64812,353.211163,2021-05-31 17:04:08 
197.657949,353.205091,2021-05-31 17:04:09 
197.670109,353.19684,2021-05-31 17:04:10 
197.692271,353.181943,2021-05-31 17:04:12 
197.703998,353.174267,2021-05-31 17:04:13 
197.715376,353.168429,2021-05-31 17:04:14 
197.726586,353.161212,2021-05-31 17:04:15 
197.737452,353.153648,2021-05-31 17:04:16 
197.748233,353.145969,2021-05-31 17:04:17 
197.758669,353.138404,2021-05-31 17:04:18 
197.769276,353.131069,2021-05-31 17:04:19 
197.779798,353.123505,2021-05-31 17:04:20 
197.790234,353.116285,2021-05-31 17:04:21 
197.800669,353.10918,2021-05-31 17:04:22 
197.811103,353.102191,2021-05-31 17:04:23 
197.821193,353.0952,2021-05-31 17:04:24 
197.831283,353.08844,2021-05-31 17:04:25 
197.841805,353.08099,2021-05-31 17:04:26 
197.851982,353.073885,2021-05-31 17:04:27 
197.861987,353.066779,2021-05-31 17:04:28 
197.871647,353.059673,2021-05-31 17:04:29 
197.88105,353.05222,2021-05-31 17:04:30 
197.890111,353.043847,2021-05-31 17:04:31 
197.907631,353.026754,2021-05-31 17:04:33 
197.913859,353.015498,2021-05-31 17:04:34 
197.920341,353.005623,2021-05-31 17:04:35 
197.926394,352.995401,2021-05-31 17:04:36 
197.930986,352.984371,2021-05-31 17:04:37 
197.935663,352.973226,2021-05-31 17:04:38 
197.935685,352.965059,2021-05-31 17:04:39 
197.938035,352.955058,2021-05-31 17:04:40 
197.943511,352.934828,2021-05-31 17:04:42 
197.942515,352.920563,2021-05-31 17:04:43 
197.94289,352.908831,2021-05-31 17:04:44 
197.94292,352.897329,2021-05-31 17:04:45 
197.943553,352.885483,2021-05-31 17:04:46 
197.943063,352.87559,2021-05-31 17:04:47 
197.943693,352.865009,2021-05-31 17:04:48 
197.944322,352.854544,2021-05-31 17:04:49 
197.944608,352.843962,2021-05-31 17:04:50 
197.944979,352.833611,2021-05-31 17:04:51 
197.945262,352.82418,2021-05-31 17:04:52 
197.945631,352.814864,2021-05-31 17:04:53 
197.945912,352.805893,2021-05-31 17:04:54 
197.94628,352.797037,2021-05-31 17:04:55 
197.946474,352.788641,2021-05-31 17:04:56 
197.946753,352.78059,2021-05-31 17:04:57 
197.947032,352.772769,2021-05-31 17:04:58 
197.947482,352.765064,2021-05-31 17:04:59 
197.947932,352.757704,2021-05-31 17:05:00 
197.948553,352.750459,2021-05-31 17:05:01 
197.949174,352.743444,2021-05-31 17:05:02 
197.94988,352.736659,2021-05-31 17:05:03 
197.950586,352.730105,2021-05-31 17:05:04 
197.951289,352.724701,2021-05-31 17:05:05 
197.951904,352.719871,2021-05-31 17:05:06 
197.952345,352.715846,2021-05-31 17:05:07 
197.952785,352.712397,2021-05-31 17:05:08 
197.95305,352.709637,2021-05-31 17:05:09 
197.953314,352.707337,2021-05-31 17:05:10 
197.953665,352.704923,2021-05-31 17:05:11 
197.953839,352.704003,2021-05-31 17:05:12 
197.954012,352.703888,2021-05-31 17:05:13 
197.954271,352.703659,2021-05-31 17:05:14 
197.954271,352.703659,2021-05-31 17:05:24 
197.955647,352.704238,2021-05-31 17:05:25 
197.955048,352.702856,2021-05-31 17:05:26 
197.955908,352.703203,2021-05-31 17:05:27 
197.954273,352.702854,2021-05-31 17:05:28 
197.953844,352.702278,2021-05-31 17:05:29 
197.953676,352.700782,2021-05-31 17:05:30 
197.953768,352.698367,2021-05-31 17:05:31 
197.954122,352.694687,2021-05-31 17:05:32 
197.954648,352.690892,2021-05-31 17:05:33 
197.955263,352.686408,2021-05-31 17:05:34 
197.956136,352.681579,2021-05-31 17:05:35 
197.956926,352.675715,2021-05-31 17:05:36 
197.957804,352.669276,2021-05-31 17:05:37 
197.958941,352.662608,2021-05-31 17:05:38 
197.960596,352.655251,2021-05-31 17:05:39 
197.962079,352.647778,2021-05-31 17:05:40 
197.963477,352.63996,2021-05-31 17:05:41 
197.964531,352.631911,2021-05-31 17:05:42 
197.965327,352.623631,2021-05-31 17:05:43 
197.965522,352.615005,2021-05-31 17:05:44 
197.965286,352.606378,2021-05-31 17:05:45 
197.96462,352.597519,2021-05-31 17:05:46 
197.963525,352.58843,2021-05-31 17:05:47 
197.962171,352.579339,2021-05-31 17:05:48 
197.96099,352.569904,2021-05-31 17:05:49 
197.960179,352.550463,2021-05-31 17:05:51 
197.960636,352.540457,2021-05-31 17:05:52 
197.961694,352.530683,2021-05-31 17:05:53 
197.964584,352.512172,2021-05-31 17:05:55 
197.968312,352.502405,2021-05-31 17:05:56 
197.971093,352.492175,2021-05-31 17:05:57 
197.973789,352.481945,2021-05-31 17:05:58 
197.976485,352.471715,2021-05-31 17:05:59 
197.979355,352.46068,2021-05-31 17:06:00 
197.981019,352.449987,2021-05-31 17:06:01 
197.98208,352.439293,2021-05-31 17:06:02 
197.982883,352.428368,2021-05-31 17:06:03 
197.980239,352.418699,2021-05-31 17:06:04 
197.978716,352.408343,2021-05-31 17:06:05 
197.976853,352.39649,2021-05-31 17:06:06 
197.974733,352.384062,2021-05-31 17:06:07 
197.970879,352.376116,2021-05-31 17:06:08 
197.96058,352.363206,2021-05-31 17:06:09 
197.956303,352.352268,2021-05-31 17:06:10 
197.953148,352.340642,2021-05-31 17:06:11 
197.949823,352.327751,2021-05-31 17:06:12 
197.947014,352.315206,2021-05-31 17:06:13 
197.9467,352.303703,2021-05-31 17:06:14 
197.944664,352.291621,2021-05-31 17:06:15 
197.94392,352.279771,2021-05-31 17:06:16 
197.942229,352.267804,2021-05-31 17:06:17 
197.940625,352.255723,2021-05-31 17:06:18 
197.939019,352.243871,2021-05-31 17:06:19 
197.937243,352.231789,2021-05-31 17:06:20 
197.935465,352.219822,2021-05-31 17:06:21 
197.933602,352.207855,2021-05-31 17:06:22 
197.930878,352.195655,2021-05-31 17:06:23 
197.928326,352.183571,2021-05-31 17:06:24 
197.925689,352.171372,2021-05-31 17:06:25 
197.923137,352.159173,2021-05-31 17:06:26 
197.920499,352.147089,2021-05-31 17:06:27 
197.917861,352.135119,2021-05-31 17:06:28 
197.915222,352.12315,2021-05-31 17:06:29 
197.912325,352.111295,2021-05-31 17:06:30 
197.911149,352.10025,2021-05-31 17:06:31 
197.908768,352.088627,2021-05-31 17:06:32 
197.906472,352.077348,2021-05-31 17:06:33 
197.903918,352.066069,2021-05-31 17:06:34 
197.901363,352.055136,2021-05-31 17:06:35 
197.895389,352.034416,2021-05-31 17:06:37 
197.88397,352.021504,2021-05-31 17:06:38 
197.871539,352.000193,2021-05-31 17:06:40 
197.86528,351.989594,2021-05-31 17:06:41 
197.859194,351.978881,2021-05-31 17:06:42 
197.853021,351.968283,2021-05-31 17:06:43 
197.847021,351.957571,2021-05-31 17:06:44 
197.840934,351.946973,2021-05-31 17:06:45 
197.834249,351.934648,2021-05-31 17:06:46 
197.821795,351.888607,2021-05-31 17:06:50 
197.819157,351.876523,2021-05-31 17:06:51 
197.816777,351.864324,2021-05-31 17:06:52 
197.818009,351.85386,2021-05-31 17:06:53 
197.815801,351.842007,2021-05-31 17:06:54 
197.813506,351.830269,2021-05-31 17:06:55 
197.808916,351.806908,2021-05-31 17:06:57 
197.806449,351.795169,2021-05-31 17:06:58 
197.805039,351.774116,2021-05-31 17:07:00 
197.804117,351.763992,2021-05-31 17:07:01 
197.802851,351.754097,2021-05-31 17:07:02 
197.800981,351.744315,2021-05-31 17:07:03 
197.799112,351.734533,2021-05-31 17:07:04 
197.795976,351.715086,2021-05-31 17:07:06 
197.794193,351.705074,2021-05-31 17:07:07 
197.792324,351.694948,2021-05-31 17:07:08 
197.790542,351.684821,2021-05-31 17:07:09 
197.788674,351.674464,2021-05-31 17:07:10 
197.786806,351.663992,2021-05-31 17:07:11 
197.784938,351.653405,2021-05-31 17:07:12 
197.782899,351.642703,2021-05-31 17:07:13 
197.782069,351.630624,2021-05-31 17:07:14 
197.781924,351.619811,2021-05-31 17:07:15 
197.782813,351.609001,2021-05-31 17:07:16 
197.783272,351.59796,2021-05-31 17:07:17 
197.78373,351.587149,2021-05-31 17:07:18 
197.784102,351.576568,2021-05-31 17:07:19 
197.784473,351.566102,2021-05-31 17:07:20 
197.7851,351.556671,2021-05-31 17:07:21 
197.785556,351.546551,2021-05-31 17:07:22 
197.786013,351.5362,2021-05-31 17:07:23 
197.78647,351.525964,2021-05-31 17:07:24 
197.786754,351.515843,2021-05-31 17:07:25 
197.787125,351.505491,2021-05-31 17:07:26 
197.78741,351.495255,2021-05-31 17:07:27 
197.787695,351.485019,2021-05-31 17:07:28 
197.788065,351.474783,2021-05-31 17:07:29 
197.78835,351.464546,2021-05-31 17:07:30 
197.788806,351.454656,2021-05-31 17:07:31 
197.789347,351.44488,2021-05-31 17:07:32 
197.789803,351.434989,2021-05-31 17:07:33 
197.790345,351.425099,2021-05-31 17:07:34 
197.790801,351.415208,2021-05-31 17:07:35 
197.790652,351.406121,2021-05-31 17:07:36 
197.790588,351.397609,2021-05-31 17:07:37 
197.791043,351.388063,2021-05-31 17:07:38 
197.791325,351.378862,2021-05-31 17:07:39 
197.791608,351.369316,2021-05-31 17:07:40 
197.791804,351.359999,2021-05-31 17:07:41 
197.792346,351.349879,2021-05-31 17:07:42 
197.792717,351.339643,2021-05-31 17:07:43 
197.793002,351.329291,2021-05-31 17:07:44 
197.7932,351.319055,2021-05-31 17:07:45 
197.793658,351.308589,2021-05-31 17:07:46 
197.794029,351.298238,2021-05-31 17:07:47 
197.794486,351.287772,2021-05-31 17:07:48 
197.794858,351.277306,2021-05-31 17:07:49 
197.795057,351.266839,2021-05-31 17:07:50 
197.793789,351.257404,2021-05-31 17:07:51 
197.792954,351.24705,2021-05-31 17:07:52 
197.791517,351.236694,2021-05-31 17:07:53 
197.789906,351.226453,2021-05-31 17:07:54 
197.787609,351.215635,2021-05-31 17:07:55 
197.785397,351.204932,2021-05-31 17:07:56 
197.783185,351.194114,2021-05-31 17:07:57 
197.780545,351.182605,2021-05-31 17:07:58 
197.772473,351.173383,2021-05-31 17:07:59 
197.768452,351.16256,2021-05-31 17:08:00 
197.764432,351.151853,2021-05-31 17:08:01 
197.760411,351.14103,2021-05-31 17:08:02 
197.756477,351.130323,2021-05-31 17:08:03 
197.75237,351.119616,2021-05-31 17:08:04 
197.738439,351.111068,2021-05-31 17:08:05 
197.732955,351.100242,2021-05-31 17:08:06 
197.727814,351.089647,2021-05-31 17:08:07 
197.722501,351.079051,2021-05-31 17:08:08 
197.716929,351.068915,2021-05-31 17:08:09 
197.711269,351.059124,2021-05-31 17:08:10 
197.697112,351.071625,2021-05-31 17:08:11 
197.691185,351.065399,2021-05-31 17:08:12 
197.678876,351.062838,2021-05-31 17:08:13 
197.673122,351.055922,2021-05-31 17:08:14 
197.670035,351.050738,2021-05-31 17:08:15 
197.665312,351.045205,2021-05-31 17:08:16 
197.660934,351.039442,2021-05-31 17:08:17 
197.659839,351.029548,2021-05-31 17:08:18 
197.655893,351.023326,2021-05-31 17:08:19 
197.65212,351.016991,2021-05-31 17:08:20 
197.656107,351.006879,2021-05-31 17:08:21 
197.653454,351.000316,2021-05-31 17:08:22 
197.660353,350.996652,2021-05-31 17:08:23 
197.660969,350.991708,2021-05-31 17:08:24 
197.662616,350.987226,2021-05-31 17:08:25 
197.660904,350.983311,2021-05-31 17:08:27 
197.661342,350.980207,2021-05-31 17:08:28 
197.661347,350.978251,2021-05-31 17:08:29 
197.661956,350.976067,2021-05-31 17:08:30 
197.662563,350.974229,2021-05-31 17:08:31 
197.656874,350.976055,2021-05-31 17:08:32 
197.660575,350.977099,2021-05-31 17:08:33 
197.661349,350.977561,2021-05-31 17:08:34 
197.661866,350.977447,2021-05-31 17:08:35 
197.661866,350.977447,2021-05-31 17:08:59 
197.671264,350.97356,2021-05-31 17:09:00 
197.670491,350.972523,2021-05-31 17:09:01 
197.669633,350.971486,2021-05-31 17:09:02 
197.668689,350.969988,2021-05-31 17:09:03 
197.66766,350.968145,2021-05-31 17:09:04 
197.666545,350.966302,2021-05-31 17:09:05 
197.664999,350.964803,2021-05-31 17:09:06 
197.66328,350.963303,2021-05-31 17:09:07 
197.661561,350.961804,2021-05-31 17:09:08 
197.657442,350.955812,2021-05-31 17:09:09 
197.670328,350.93491,2021-05-31 17:09:10 
197.668187,350.930074,2021-05-31 17:09:11 
197.668807,350.923289,2021-05-31 17:09:12 
197.668565,350.916962,2021-05-31 17:09:13 
197.669013,350.910062,2021-05-31 17:09:14 
197.669634,350.902817,2021-05-31 17:09:15 
197.670343,350.895113,2021-05-31 17:09:16 
197.671224,350.887178,2021-05-31 17:09:17 
197.672192,350.879129,2021-05-31 17:09:18 
197.673419,350.870851,2021-05-31 17:09:19 
197.674817,350.862803,2021-05-31 17:09:20 
197.676302,350.85464,2021-05-31 17:09:21 
197.677614,350.846821,2021-05-31 17:09:22 
197.679012,350.839118,2021-05-31 17:09:23 
197.680237,350.831415,2021-05-31 17:09:24 
197.681549,350.823712,2021-05-31 17:09:25 
197.682774,350.815893,2021-05-31 17:09:26 
197.684259,350.807961,2021-05-31 17:09:27 
197.685053,350.800601,2021-05-31 17:09:28 
197.6855,350.793931,2021-05-31 17:09:29 
197.686293,350.787032,2021-05-31 17:09:30 
197.686826,350.780707,2021-05-31 17:09:31 
197.687272,350.774497,2021-05-31 17:09:32 
197.687717,350.768747,2021-05-31 17:09:33 
197.688162,350.763342,2021-05-31 17:09:34 
197.688778,350.758167,2021-05-31 17:09:35 
197.689307,350.753223,2021-05-31 17:09:36 
197.689664,350.748507,2021-05-31 17:09:37 
197.689762,350.743792,2021-05-31 17:09:38 
197.689942,350.740572,2021-05-31 17:09:39 
197.689779,350.737005,2021-05-31 17:09:40 
197.690543,350.741378,2021-05-31 17:09:41 
197.690631,350.740688,2021-05-31 17:09:42 
197.690719,350.739998,2021-05-31 17:09:43 
197.692356,350.739888,2021-05-31 17:09:44 
197.692874,350.739314,2021-05-31 17:09:45 
197.693737,350.738741,2021-05-31 17:09:46 
197.694428,350.738052,2021-05-31 17:09:47 
197.69486,350.737478,2021-05-31 17:09:48 
197.694947,350.737134,2021-05-31 17:09:49 
197.691491,350.741036,2021-05-31 17:09:50 
197.691145,350.74161,2021-05-31 17:09:51 
197.688986,350.743905,2021-05-31 17:09:52 
197.6889,350.74402,2021-05-31 17:09:53 
197.689766,350.741951,2021-05-31 17:09:54 
197.689766,350.741951,2021-05-31 17:10:16 
197.687695,350.743441,2021-05-31 17:10:17 
197.687697,350.742866,2021-05-31 17:10:18 
197.687441,350.742061,2021-05-31 17:10:19 
197.688825,350.739534,2021-05-31 17:10:20 
197.689692,350.737465,2021-05-31 17:10:21 
197.689703,350.73298,2021-05-31 17:10:22 
197.689884,350.729529,2021-05-31 17:10:23 
197.690241,350.724814,2021-05-31 17:10:24 
197.690684,350.719869,2021-05-31 17:10:25 
197.690869,350.714924,2021-05-31 17:10:26 
197.691055,350.709403,2021-05-31 17:10:27 
197.691155,350.703767,2021-05-31 17:10:28 
197.69117,350.697901,2021-05-31 17:10:29 
197.691185,350.692035,2021-05-31 17:10:30 
197.691113,350.686284,2021-05-31 17:10:31 
197.690956,350.680532,2021-05-31 17:10:32 
197.690885,350.674666,2021-05-31 17:10:33 
197.690726,350.669259,2021-05-31 17:10:34 
197.690653,350.664198,2021-05-31 17:10:35 
197.690492,350.659482,2021-05-31 17:10:36 
197.690332,350.654881,2021-05-31 17:10:37 
197.690085,350.650279,2021-05-31 17:10:38 
197.689838,350.645793,2021-05-31 17:10:39 
197.689676,350.641651,2021-05-31 17:10:40 
197.689514,350.637855,2021-05-31 17:10:41 
197.68935,350.634634,2021-05-31 17:10:42 
197.689271,350.631758,2021-05-31 17:10:43 
197.689276,350.629573,2021-05-31 17:10:44 
197.689194,350.627962,2021-05-31 17:10:45 
197.68911,350.627157,2021-05-31 17:10:46 
197.689111,350.626812,2021-05-31 17:10:47 
197.689111,350.626812,2021-05-31 17:10:48 
197.689111,350.626697,2021-05-31 17:10:49 
197.689111,350.626697,2021-05-31 17:11:08 
197.689801,350.626469,2021-05-31 17:11:09 
197.689634,350.624513,2021-05-31 17:11:10 
197.689554,350.621752,2021-05-31 17:11:11 
197.689391,350.618301,2021-05-31 17:11:12 
197.689315,350.61416,2021-05-31 17:11:13 
197.689155,350.609559,2021-05-31 17:11:14 
197.688994,350.604842,2021-05-31 17:11:15 
197.688834,350.600241,2021-05-31 17:11:16 
197.68876,350.595295,2021-05-31 17:11:17 
197.688786,350.585173,2021-05-31 17:11:18 
197.688801,350.579192,2021-05-31 17:11:19 
197.688214,350.572749,2021-05-31 17:11:20 
197.688317,350.566078,2021-05-31 17:11:21 
197.687475,350.558714,2021-05-31 17:11:22 
197.686717,350.551696,2021-05-31 17:11:23 
197.685961,350.544333,2021-05-31 17:11:24 
197.684778,350.535243,2021-05-31 17:11:25 
197.683507,350.526958,2021-05-31 17:11:26 
197.681375,350.518556,2021-05-31 17:11:27 
197.678813,350.509808,2021-05-31 17:11:28 
197.675819,350.501519,2021-05-31 17:11:29 
197.671877,350.493457,2021-05-31 17:11:30 
197.66802,350.485856,2021-05-31 17:11:31 
197.657018,350.476396,2021-05-31 17:11:32 
197.649287,350.467865,2021-05-31 17:11:33 
197.64112,350.461403,2021-05-31 17:11:34 
197.633643,350.454713,2021-05-31 17:11:35 
197.626681,350.448599,2021-05-31 17:11:36 
197.619547,350.442255,2021-05-31 17:11:37 
197.612242,350.435565,2021-05-31 17:11:38 
197.604937,350.428875,2021-05-31 17:11:39 
197.596257,350.421032,2021-05-31 17:11:40 
197.589039,350.413767,2021-05-31 17:11:41 
197.57157,350.406592,2021-05-31 17:11:42 
197.561423,350.39978,2021-05-31 17:11:43 
197.551448,350.392969,2021-05-31 17:11:44 
197.532792,350.378199,2021-05-31 17:11:46 
197.524543,350.370012,2021-05-31 17:11:47 
197.51595,350.361709,2021-05-31 17:11:48 
197.508306,350.352488,2021-05-31 17:11:49 
197.467596,350.1649,2021-05-31 17:12:15 
197.536638,350.080415,2021-05-31 17:12:16 
197.537344,350.073631,2021-05-31 17:12:17 
197.537617,350.067765,2021-05-31 17:12:18 
197.538149,350.061671,2021-05-31 17:12:19 
197.538853,350.055921,2021-05-31 17:12:20 
197.539729,350.050172,2021-05-31 17:12:21 
197.540604,350.044653,2021-05-31 17:12:22 
197.541737,350.03925,2021-05-31 17:12:23 
197.543043,350.033847,2021-05-31 17:12:24 
197.544349,350.02833,2021-05-31 17:12:25 
197.545655,350.023042,2021-05-31 17:12:26 
197.546874,350.017639,2021-05-31 17:12:27 
197.54818,350.012236,2021-05-31 17:12:28 
197.549226,350.007178,2021-05-31 17:12:29 
197.556624,350.011682,2021-05-31 17:12:30 
197.561809,350.005024,2021-05-31 17:12:32 
197.563971,350.002039,2021-05-31 17:12:33 
197.565699,349.999742,2021-05-31 17:12:34 
197.566045,349.999283,2021-05-31 17:12:35 
197.538571,350.030731,2021-05-31 17:12:36 
197.538657,350.030731,2021-05-31 17:12:37 
197.538744,350.030616,2021-05-31 17:12:38 
197.538744,350.030616,2021-05-31 17:12:40 
197.534534,350.02589,2021-05-31 17:12:41 
197.533074,350.024046,2021-05-31 17:12:42 
197.531443,350.021856,2021-05-31 17:12:43 
197.529554,350.019436,2021-05-31 17:12:44 
197.543822,349.998077,2021-05-31 17:12:45 
197.544699,349.991638,2021-05-31 17:12:46 
197.545491,349.984969,2021-05-31 17:12:47 
197.546284,349.97807,2021-05-31 17:12:48 
197.547509,349.970711,2021-05-31 17:12:49 
197.548388,349.963467,2021-05-31 17:12:50 
197.549528,349.955533,2021-05-31 17:12:51 
197.550754,349.9476,2021-05-31 17:12:52 
197.551808,349.939666,2021-05-31 17:12:53 
197.551744,349.930694,2021-05-31 17:12:54 
197.552197,349.921953,2021-05-31 17:12:55 
197.552563,349.913098,2021-05-31 17:12:56 
197.552758,349.904356,2021-05-31 17:12:57 
197.55252,349.896074,2021-05-31 17:12:58 
197.552714,349.887333,2021-05-31 17:12:59 
197.552737,349.878361,2021-05-31 17:13:00 
197.553971,349.867207,2021-05-31 17:13:01 
197.553563,349.858004,2021-05-31 17:13:02 
197.555402,349.846162,2021-05-31 17:13:03 
197.555426,349.836385,2021-05-31 17:13:04 
197.555021,349.826262,2021-05-31 17:13:05 
197.555218,349.816255,2021-05-31 17:13:06 
197.555588,349.806249,2021-05-31 17:13:07 
197.555699,349.796128,2021-05-31 17:13:08 
197.555811,349.785891,2021-05-31 17:13:09 
197.55955,349.772097,2021-05-31 17:13:10 
197.559748,349.761861,2021-05-31 17:13:11 
197.560033,349.75151,2021-05-31 17:13:12 
197.560317,349.741158,2021-05-31 17:13:13 
197.560947,349.730348,2021-05-31 17:13:14 
197.561836,349.719423,2021-05-31 17:13:15 
197.562466,349.708612,2021-05-31 17:13:16 
197.562924,349.697916,2021-05-31 17:13:17 
197.563209,349.68722,2021-05-31 17:13:18 
197.562732,349.671461,2021-05-31 17:13:19 
197.562933,349.659729,2021-05-31 17:13:20 
197.563134,349.648457,2021-05-31 17:13:21 
197.563333,349.637761,2021-05-31 17:13:22 
197.563704,349.62718,2021-05-31 17:13:23 
197.566573,349.617065,2021-05-31 17:13:24 
197.567892,349.606486,2021-05-31 17:13:25 
197.568608,349.595676,2021-05-31 17:13:26 
197.56898,349.584635,2021-05-31 17:13:27 
197.56849,349.573821,2021-05-31 17:13:28 
197.568604,349.562779,2021-05-31 17:13:29 
197.568804,349.551738,2021-05-31 17:13:30 
197.56909,349.540696,2021-05-31 17:13:31 
197.569549,349.529655,2021-05-31 17:13:32 
197.570007,349.518844,2021-05-31 17:13:33 
197.571325,349.508726,2021-05-31 17:13:34 
197.571437,349.498259,2021-05-31 17:13:35 
197.572321,349.489174,2021-05-31 17:13:36 
197.571827,349.480316,2021-05-31 17:13:37 
197.571939,349.46985,2021-05-31 17:13:38 
197.572308,349.460189,2021-05-31 17:13:39 
197.572677,349.450528,2021-05-31 17:13:40 
197.572873,349.440981,2021-05-31 17:13:41 
197.573156,349.43109,2021-05-31 17:13:42 
197.573524,349.421774,2021-05-31 17:13:43 
197.573891,349.412803,2021-05-31 17:13:44 
197.57357,349.403601,2021-05-31 17:13:45 
197.573766,349.394169,2021-05-31 17:13:46 
197.573876,349.384738,2021-05-31 17:13:47 
197.574158,349.375422,2021-05-31 17:13:48 
197.574353,349.366335,2021-05-31 17:13:49 
197.574461,349.357594,2021-05-31 17:13:50 
197.57474,349.349198,2021-05-31 17:13:51 
197.574847,349.341032,2021-05-31 17:13:52 
197.575037,349.333786,2021-05-31 17:13:53 
197.575226,349.32746,2021-05-31 17:13:54 
197.573773,349.322626,2021-05-31 17:13:55 
197.572492,349.318251,2021-05-31 17:13:56 
197.571037,349.314337,2021-05-31 17:13:57 
197.568542,349.312605,2021-05-31 17:13:58 
197.569415,349.308352,2021-05-31 17:13:59 
197.568387,349.305704,2021-05-31 17:14:00 
197.567274,349.30317,2021-05-31 17:14:01 
197.565645,349.299831,2021-05-31 17:14:02 
197.563582,349.297985,2021-05-31 17:14:03 
197.552454,349.303018,2021-05-31 17:14:04 
197.549009,349.30255,2021-05-31 17:14:05 
197.54703,349.301509,2021-05-31 17:14:06 
197.54574,349.300241,2021-05-31 17:14:07 
197.544188,349.300697,2021-05-31 17:14:08 
197.544016,349.300812,2021-05-31 17:14:09 
197.544359,349.301388,2021-05-31 17:14:10 
197.544359,349.301388,2021-05-31 17:15:57 
197.544092,349.304608,2021-05-31 17:15:58 
197.543921,349.304032,2021-05-31 17:15:59 
197.543923,349.303457,2021-05-31 17:16:00 
197.543047,349.309321,2021-05-31 17:16:01 
197.542954,349.311736,2021-05-31 17:16:02 
197.542345,349.314265,2021-05-31 17:16:03 
197.546302,349.316806,2021-05-31 17:16:04 
197.546468,349.319337,2021-05-31 17:16:05 
197.546375,349.322212,2021-05-31 17:16:06 
197.552666,349.321652,2021-05-31 17:16:07 
197.555076,349.322579,2021-05-31 17:16:08 
197.557486,349.323505,2021-05-31 17:16:09 
197.559467,349.323855,2021-05-31 17:16:10 
197.56292,349.321448,2021-05-31 17:16:11 
197.565506,349.320879,2021-05-31 17:16:12 
197.567144,349.320423,2021-05-31 17:16:13 
197.568179,349.320196,2021-05-31 17:16:14 
197.56861,349.320082,2021-05-31 17:16:15 
197.5693,349.319854,2021-05-31 17:16:16 
197.569298,349.320544,2021-05-31 17:16:17 
197.569643,349.32043,2021-05-31 17:16:18 
197.569902,349.320315,2021-05-31 17:16:19 
197.570332,349.320316,2021-05-31 17:16:20 
197.570935,349.320318,2021-05-31 17:16:21 
197.571883,349.32055,2021-05-31 17:16:22 
197.573693,349.31998,2021-05-31 17:16:23 
197.575322,349.32332,2021-05-31 17:16:24 
197.577988,349.325397,2021-05-31 17:16:25 
197.580912,349.327589,2021-05-31 17:16:26 
197.583316,349.330931,2021-05-31 17:16:27 
197.586239,349.333699,2021-05-31 17:16:28 
197.581813,349.346225,2021-05-31 17:16:29 
197.580506,349.352088,2021-05-31 17:16:30 
197.580143,349.359449,2021-05-31 17:16:31 
197.580125,349.366465,2021-05-31 17:16:32 
197.579846,349.374631,2021-05-31 17:16:33 
197.579742,349.381762,2021-05-31 17:16:34 
197.579548,349.390388,2021-05-31 17:16:35 
197.579355,349.398669,2021-05-31 17:16:36 
197.578988,349.407525,2021-05-31 17:16:37 
197.57888,349.416152,2021-05-31 17:16:38 
197.578167,349.425697,2021-05-31 17:16:39 
197.577711,349.435587,2021-05-31 17:16:40 
197.577601,349.445364,2021-05-31 17:16:41 
197.57749,349.455371,2021-05-31 17:16:42 
197.577551,349.465378,2021-05-31 17:16:43 
197.577612,349.475385,2021-05-31 17:16:44 
197.577759,349.485392,2021-05-31 17:16:45 
197.578078,349.4954,2021-05-31 17:16:46 
197.578398,349.505408,2021-05-31 17:16:47 
197.578717,349.515415,2021-05-31 17:16:48 
197.578085,349.526916,2021-05-31 17:16:49 
197.578318,349.537269,2021-05-31 17:16:50 
197.576734,349.550377,2021-05-31 17:16:51 
197.576446,349.562339,2021-05-31 17:16:52 
197.570979,349.577738,2021-05-31 17:16:53 
197.570605,349.58947,2021-05-31 17:16:54 
197.57049,349.600971,2021-05-31 17:16:55 
197.570461,349.612474,2021-05-31 17:16:56 
197.570432,349.624321,2021-05-31 17:16:57 
197.570402,349.635938,2021-05-31 17:16:58 
197.570115,349.647325,2021-05-31 17:16:59 
197.570348,349.657792,2021-05-31 17:17:00 
197.569802,349.669293,2021-05-31 17:17:01 
197.569517,349.679989,2021-05-31 17:17:02 
197.569317,349.690801,2021-05-31 17:17:03 
197.569462,349.701614,2021-05-31 17:17:04 
197.569522,349.712311,2021-05-31 17:17:05 
197.569581,349.723123,2021-05-31 17:17:06 
197.569468,349.73382,2021-05-31 17:17:07 
197.569441,349.744517,2021-05-31 17:17:08 
197.568984,349.754983,2021-05-31 17:17:09 
197.568699,349.765679,2021-05-31 17:17:10 
197.568499,349.776376,2021-05-31 17:17:11 
197.568301,349.786957,2021-05-31 17:17:12 
197.568273,349.798114,2021-05-31 17:17:13 
197.568159,349.809156,2021-05-31 17:17:14 
197.566746,349.82284,2021-05-31 17:17:15 
197.566373,349.834227,2021-05-31 17:17:16 
197.566086,349.845728,2021-05-31 17:17:17 
197.564935,349.858033,2021-05-31 17:17:18 
197.564044,349.869878,2021-05-31 17:17:19 
197.563325,349.881493,2021-05-31 17:17:20 
197.562607,349.892879,2021-05-31 17:17:21 
197.562666,349.904036,2021-05-31 17:17:22 
197.559899,349.90794,2021-05-31 17:17:23 
197.559357,349.918176,2021-05-31 17:17:24 
197.558728,349.928296,2021-05-31 17:17:25 
197.558186,349.938532,2021-05-31 17:17:26 
197.557729,349.948652,2021-05-31 17:17:27 
197.557187,349.958773,2021-05-31 17:17:28 
197.552952,349.964284,2021-05-31 17:17:29 
197.552249,349.969803,2021-05-31 17:17:30 
197.550248,349.977619,2021-05-31 17:17:31 
197.548334,349.984976,2021-05-31 17:17:32 
197.546507,349.992448,2021-05-31 17:17:33 
197.543217,349.998881,2021-05-31 17:17:34 
197.540788,350.005546,2021-05-31 17:17:35 
197.538792,350.011522,2021-05-31 17:17:36 
197.535416,350.017725,2021-05-31 17:17:37 
197.533507,350.023241,2021-05-31 17:17:38 
197.53756,350.021756,2021-05-31 17:17:39 
197.537379,350.025207,2021-05-31 17:17:40 
197.541352,350.021191,2021-05-31 17:17:41 
197.540656,350.023719,2021-05-31 17:17:42 
197.54074,350.024755,2021-05-31 17:17:43 
197.539439,350.028087,2021-05-31 17:17:44 
197.538752,350.02728,2021-05-31 17:17:45 
197.539357,350.026592,2021-05-31 17:17:46 
197.538586,350.024749,2021-05-31 17:17:47 
197.538242,350.024749,2021-05-31 17:17:48 
197.537468,350.023941,2021-05-31 17:17:49 
197.537387,350.022101,2021-05-31 17:17:50 
197.558781,350.010192,2021-05-31 17:17:51 
197.560504,350.010311,2021-05-31 17:17:52 
197.561623,350.010659,2021-05-31 17:17:53 
197.579641,350.005529,2021-05-31 17:17:54 
197.585326,350.005658,2021-05-31 17:17:55 
197.590752,350.006477,2021-05-31 17:17:56 
197.596954,350.006837,2021-05-31 17:17:57 
197.603415,350.006738,2021-05-31 17:17:58 
197.610652,350.006642,2021-05-31 17:17:59 
197.617802,350.006545,2021-05-31 17:18:00 
197.624866,350.006562,2021-05-31 17:18:01 
197.632964,350.006813,2021-05-31 17:18:02 
197.640114,350.006601,2021-05-31 17:18:03 
197.647352,350.006274,2021-05-31 17:18:04 
197.654416,350.006062,2021-05-31 17:18:05 
197.662169,350.006427,2021-05-31 17:18:06 
197.668629,350.006673,2021-05-31 17:18:07 
197.675435,350.00669,2021-05-31 17:18:08 
197.678187,350.008423,2021-05-31 17:18:09 
197.683872,350.008897,2021-05-31 17:18:10 
197.68947,350.009486,2021-05-31 17:18:11 
197.695241,350.010076,2021-05-31 17:18:12 
197.700925,350.010781,2021-05-31 17:18:13 
197.706781,350.011486,2021-05-31 17:18:14 
197.712637,350.012421,2021-05-31 17:18:15 
197.718159,350.009099,2021-05-31 17:18:16 
197.724016,350.009229,2021-05-31 17:18:17 
197.730982,350.013963,2021-05-31 17:18:18 
197.737096,350.015128,2021-05-31 17:18:19 
197.742953,350.015373,2021-05-31 17:18:20 
197.748725,350.015503,2021-05-31 17:18:21 
197.755005,350.01897,2021-05-31 17:18:22 
197.75785,350.018287,2021-05-31 17:18:23 
197.752251,350.017698,2021-05-31 17:18:24 
197.755439,350.017706,2021-05-31 17:18:25 
197.75811,350.017597,2021-05-31 17:18:26 
197.761727,350.018067,2021-05-31 17:18:27 
197.765603,350.018192,2021-05-31 17:18:28 
197.769393,350.018431,2021-05-31 17:18:29 
197.772494,350.018439,2021-05-31 17:18:30 
197.782818,350.023872,2021-05-31 17:18:32 
197.788412,350.026071,2021-05-31 17:18:33 
197.79176,350.030681,2021-05-31 17:18:34 
197.795369,350.034256,2021-05-31 17:18:35 
197.799841,350.037603,2021-05-31 17:18:36 
197.803277,350.041408,2021-05-31 17:18:37 
197.807316,350.045214,2021-05-31 17:18:38 
197.811699,350.049136,2021-05-31 17:18:39 
197.816515,350.052599,2021-05-31 17:18:40 
197.821674,350.056178,2021-05-31 17:18:41 
197.826834,350.059757,2021-05-31 17:18:42 
197.831994,350.06322,2021-05-31 17:18:43 
197.837154,350.066684,2021-05-31 17:18:44 
197.842573,350.069804,2021-05-31 17:18:45 
197.848078,350.073154,2021-05-31 17:18:46 
197.853583,350.076388,2021-05-31 17:18:47 
197.85883,350.079393,2021-05-31 17:18:48 
197.864337,350.082052,2021-05-31 17:18:49 
197.869843,350.085057,2021-05-31 17:18:50 
197.875348,350.088062,2021-05-31 17:18:51 
197.881286,350.090608,2021-05-31 17:18:52 
197.901396,350.075937,2021-05-31 17:18:53 
197.909495,350.075612,2021-05-31 17:18:54 
197.912445,350.067453,2021-05-31 17:18:55 
197.920532,350.071615,2021-05-31 17:18:56 
197.926818,350.072552,2021-05-31 17:18:57 
197.933434,350.07924,2021-05-31 17:18:58 
197.93919,350.085581,2021-05-31 17:18:59 
197.94521,350.089278,2021-05-31 17:19:00 
197.951319,350.092399,2021-05-31 17:19:01 
197.957858,350.095407,2021-05-31 17:19:02 
197.964398,350.098184,2021-05-31 17:19:03 
197.97068,350.100731,2021-05-31 17:19:04 
197.981194,350.099148,2021-05-31 17:19:05 
197.987225,350.098704,2021-05-31 17:19:06 
197.994892,350.098724,2021-05-31 17:19:07 
198.002645,350.098859,2021-05-31 17:19:08 
198.010139,350.099223,2021-05-31 17:19:09 
198.017289,350.099472,2021-05-31 17:19:10 
198.02418,350.099605,2021-05-31 17:19:11 
198.030296,350.099736,2021-05-31 17:19:12 
198.036239,350.100097,2021-05-31 17:19:13 
198.041063,350.100224,2021-05-31 17:19:14 
198.044595,350.100234,2021-05-31 17:19:15 
198.044855,350.099774,2021-05-31 17:19:16 
198.04563,350.099776,2021-05-31 17:19:17 
198.045803,350.099662,2021-05-31 17:19:18 
198.045975,350.099547,2021-05-31 17:19:19 
198.045975,350.099547,2021-05-31 17:19:22 
198.047096,350.099435,2021-05-31 17:19:23 
198.048388,350.099323,2021-05-31 17:19:24 
198.050628,350.099329,2021-05-31 17:19:25 
198.053901,350.099568,2021-05-31 17:19:26 
198.057261,350.099577,2021-05-31 17:19:27 
198.060878,350.099701,2021-05-31 17:19:28 
198.064841,350.099596,2021-05-31 17:19:29 
198.069321,350.099723,2021-05-31 17:19:30 
198.073886,350.099735,2021-05-31 17:19:31 
198.078452,350.099862,2021-05-31 17:19:32 
198.086185,350.107474,2021-05-31 17:19:33 
198.090485,350.110246,2021-05-31 17:19:34 
198.095646,350.113135,2021-05-31 17:19:35 
198.104935,350.11891,2021-05-31 17:19:37 
198.118866,350.128379,2021-05-31 17:19:40 
198.13038,350.139681,2021-05-31 17:19:42 
198.136308,350.145563,2021-05-31 17:19:43 
198.14241,350.15087,2021-05-31 17:19:44 
198.148688,350.154913,2021-05-31 17:19:45 
198.154881,350.15861,2021-05-31 17:19:46 
198.16073,350.162191,2021-05-31 17:19:47 
198.166407,350.165427,2021-05-31 17:19:48 
198.171999,350.168317,2021-05-31 17:19:49 
198.178713,350.170175,2021-05-31 17:19:50 
198.185081,350.172607,2021-05-31 17:19:51 
198.197905,350.177242,2021-05-31 17:19:53 
198.20497,350.176801,2021-05-31 17:19:54 
198.208086,350.170943,2021-05-31 17:19:55 
198.219205,350.168672,2021-05-31 17:19:57 
198.224463,350.167421,2021-05-31 17:19:58 
198.229635,350.166284,2021-05-31 17:19:59 
198.234893,350.165148,2021-05-31 17:20:00 
198.240929,350.162979,2021-05-31 17:20:01 
198.24636,350.161728,2021-05-31 17:20:02 
198.251789,350.160707,2021-05-31 17:20:03 
198.257737,350.159343,2021-05-31 17:20:04 
198.263165,350.158897,2021-05-31 17:20:05 
198.26868,350.158452,2021-05-31 17:20:06 
198.274112,350.156741,2021-05-31 17:20:07 
198.279456,350.155375,2021-05-31 17:20:08 
198.284454,350.154928,2021-05-31 17:20:09 
198.289279,350.154596,2021-05-31 17:20:10 
198.293933,350.153918,2021-05-31 17:20:11 
198.298328,350.15324,2021-05-31 17:20:12 
198.302377,350.15302,2021-05-31 17:20:13 
198.305738,350.152684,2021-05-31 17:20:14 
198.308238,350.152116,2021-05-31 17:20:15 
198.309444,350.151889,2021-05-31 17:20:16 
198.310304,350.152582,2021-05-31 17:20:19 
198.31151,350.152585,2021-05-31 17:20:20 
198.31306,350.152704,2021-05-31 17:20:21 
198.314525,350.152593,2021-05-31 17:20:22 
198.315817,350.152711,2021-05-31 17:20:23 
198.315641,350.153976,2021-05-31 17:20:24 
198.310552,350.156378,2021-05-31 17:20:25 
198.308049,350.158097,2021-05-31 17:20:26 
198.308794,350.169486,2021-05-31 17:20:27 
198.309447,350.183175,2021-05-31 17:20:28 
198.30822,350.190879,2021-05-31 17:20:29 
198.306911,350.197316,2021-05-31 17:20:30 
198.305601,350.203869,2021-05-31 17:20:31 
198.304184,350.218243,2021-05-31 17:20:33 
198.303562,350.225488,2021-05-31 17:20:34 
198.299741,350.237095,2021-05-31 17:20:35 
198.297994,350.246062,2021-05-31 17:20:36 
198.296247,350.254914,2021-05-31 17:20:37 
198.294414,350.263996,2021-05-31 17:20:38 
198.292753,350.273193,2021-05-31 17:20:39 
198.291177,350.282506,2021-05-31 17:20:40 
198.296405,350.292642,2021-05-31 17:20:41 
198.296293,350.302419,2021-05-31 17:20:42 
198.295578,350.311964,2021-05-31 17:20:43 
198.295465,350.321855,2021-05-31 17:20:44 
198.295266,350.331862,2021-05-31 17:20:45 
198.295067,350.341868,2021-05-31 17:20:46 
198.294868,350.351875,2021-05-31 17:20:47 
198.294669,350.361881,2021-05-31 17:20:48 
198.294556,350.371888,2021-05-31 17:20:49 
198.294444,350.381664,2021-05-31 17:20:50 
198.294331,350.391786,2021-05-31 17:20:51 
198.294218,350.401793,2021-05-31 17:20:52 
198.294278,350.41157,2021-05-31 17:20:53 
198.293737,350.42054,2021-05-31 17:20:54 
198.292078,350.429162,2021-05-31 17:20:55 
198.291966,350.438709,2021-05-31 17:20:56 
198.291853,350.448831,2021-05-31 17:20:57 
198.291399,350.457571,2021-05-31 17:20:58 
198.290427,350.466771,2021-05-31 17:20:59 
198.289543,350.475165,2021-05-31 17:21:00 
198.289348,350.483676,2021-05-31 17:21:01 
198.290099,350.492535,2021-05-31 17:21:02 
198.290076,350.501391,2021-05-31 17:21:03 
198.293238,350.510602,2021-05-31 17:21:04 
198.29244,350.519341,2021-05-31 17:21:05 
198.293109,350.52682,2021-05-31 17:21:06 
198.291876,350.536708,2021-05-31 17:21:07 
198.291594,350.545794,2021-05-31 17:21:08 
198.291138,350.55511,2021-05-31 17:21:09 
198.290854,350.564771,2021-05-31 17:21:10 
198.290397,350.574662,2021-05-31 17:21:11 
198.289856,350.583747,2021-05-31 17:21:12 
198.287502,350.594438,2021-05-31 17:21:13 
198.287131,350.603984,2021-05-31 17:21:14 
198.286417,350.613529,2021-05-31 17:21:15 
198.286047,350.623075,2021-05-31 17:21:16 
198.285246,350.63262,2021-05-31 17:21:17 
198.284617,350.64228,2021-05-31 17:21:18 
198.284161,350.652056,2021-05-31 17:21:19 
198.283876,350.661717,2021-05-31 17:21:20 
198.283161,350.671607,2021-05-31 17:21:21 
198.28236,350.681382,2021-05-31 17:21:22 
198.281903,350.691157,2021-05-31 17:21:23 
198.281446,350.700818,2021-05-31 17:21:24 
198.283408,350.7083,2021-05-31 17:21:25 
198.283296,350.717846,2021-05-31 17:21:26 
198.283013,350.727162,2021-05-31 17:21:27 
198.282639,350.738204,2021-05-31 17:21:28 
198.282352,350.7489,2021-05-31 17:21:29 
198.280854,350.761433,2021-05-31 17:21:30 
198.28048,350.77236,2021-05-31 17:21:31 
198.28002,350.783401,2021-05-31 17:21:32 
198.278694,350.796165,2021-05-31 17:21:33 
198.277714,350.808469,2021-05-31 17:21:34 
198.276906,350.82066,2021-05-31 17:21:35 
198.276012,350.832965,2021-05-31 17:21:36 
198.275376,350.845155,2021-05-31 17:21:37 
198.274827,350.857346,2021-05-31 17:21:38 
198.274019,350.869537,2021-05-31 17:21:39 
198.273298,350.881612,2021-05-31 17:21:40 
198.272492,350.893342,2021-05-31 17:21:41 
198.272547,350.904845,2021-05-31 17:21:42 
198.271829,350.915885,2021-05-31 17:21:43 
198.27137,350.926236,2021-05-31 17:21:44 
198.271257,350.936243,2021-05-31 17:21:45 
198.270801,350.945788,2021-05-31 17:21:46 
198.270605,350.954875,2021-05-31 17:21:47 
198.270064,350.96373,2021-05-31 17:21:48 
198.269439,350.972125,2021-05-31 17:21:49 
198.268556,350.980289,2021-05-31 17:21:50 
198.267932,350.988224,2021-05-31 17:21:51 
198.267567,350.995815,2021-05-31 17:21:52 
198.267376,351.002946,2021-05-31 17:21:53 
198.271498,351.007557,2021-05-31 17:21:54 
198.271565,351.014804,2021-05-31 17:21:55 
198.271544,351.022511,2021-05-31 17:21:56 
198.271523,351.030332,2021-05-31 17:21:57 
198.271415,351.038613,2021-05-31 17:21:58 
198.27122,351.04724,2021-05-31 17:21:59 
198.270851,351.056441,2021-05-31 17:22:00 
198.270739,351.065872,2021-05-31 17:22:01 
198.271317,351.075421,2021-05-31 17:22:02 
198.271118,351.085427,2021-05-31 17:22:03 
198.270918,351.095894,2021-05-31 17:22:04 
198.270545,351.10659,2021-05-31 17:22:05 
198.270084,351.117746,2021-05-31 17:22:06 
198.269537,351.129247,2021-05-31 17:22:07 
198.269076,351.140633,2021-05-31 17:22:08 
198.268614,351.152249,2021-05-31 17:22:09 
198.268066,351.16398,2021-05-31 17:22:10 
198.267604,351.175941,2021-05-31 17:22:11 
198.267141,351.187902,2021-05-31 17:22:12 
198.266505,351.200323,2021-05-31 17:22:13 
198.266559,351.212515,2021-05-31 17:22:14 
198.26575,351.225166,2021-05-31 17:22:15 
198.265545,351.237243,2021-05-31 17:22:16 
198.265341,351.249434,2021-05-31 17:22:17 
198.265136,351.261511,2021-05-31 17:22:18 
198.264674,351.273472,2021-05-31 17:22:19 
198.264644,351.284745,2021-05-31 17:22:20 
198.264441,351.296016,2021-05-31 17:22:21 
198.264326,351.307173,2021-05-31 17:22:22 
198.264382,351.318446,2021-05-31 17:22:23 
198.264954,351.329719,2021-05-31 17:22:24 
198.265614,351.340648,2021-05-31 17:22:25 
198.270069,351.349517,2021-05-31 17:22:26 
198.273488,351.359303,2021-05-31 17:22:27 
198.281049,351.36588,2021-05-31 17:22:28 
198.285848,351.374864,2021-05-31 17:22:29 
198.290819,351.383619,2021-05-31 17:22:30 
198.294756,351.393177,2021-05-31 17:22:31 
198.299122,351.40262,2021-05-31 17:22:32 
198.303834,351.41218,2021-05-31 17:22:33 
198.308545,351.421509,2021-05-31 17:22:34 
198.313688,351.430725,2021-05-31 17:22:35 
198.319261,351.439827,2021-05-31 17:22:36 
198.324231,351.449272,2021-05-31 17:22:37 
198.329716,351.459409,2021-05-31 17:22:38 
198.335028,351.46943,2021-05-31 17:22:39 
198.34034,351.479681,2021-05-31 17:22:40 
198.345652,351.489817,2021-05-31 17:22:41 
198.351051,351.499839,2021-05-31 17:22:42 
198.355934,351.509514,2021-05-31 17:22:43 
198.36116,351.51942,2021-05-31 17:22:44 
198.366473,351.529556,2021-05-31 17:22:45 
198.371785,351.539578,2021-05-31 17:22:46 
198.377097,351.549829,2021-05-31 17:22:47 
198.382495,351.559851,2021-05-31 17:22:48 
198.387894,351.569872,2021-05-31 17:22:49 
198.393893,351.580585,2021-05-31 17:22:50 
198.399634,351.591413,2021-05-31 17:22:51 
198.405204,351.60178,2021-05-31 17:22:52 
198.410687,351.612032,2021-05-31 17:22:53 
198.416085,351.622169,2021-05-31 17:22:54 
198.420365,351.631842,2021-05-31 17:22:55 
198.425505,351.641863,2021-05-31 17:22:56 
198.43108,351.650275,2021-05-31 17:22:57 
198.437169,351.659608,2021-05-31 17:22:58 
198.442827,351.66894,2021-05-31 17:22:59 
198.448314,351.678042,2021-05-31 17:23:00 
198.453715,351.687028,2021-05-31 17:23:01 
198.45903,351.69613,2021-05-31 17:23:02 
198.464172,351.705115,2021-05-31 17:23:03 
198.469057,351.714101,2021-05-31 17:23:04 
198.474027,351.722856,2021-05-31 17:23:05 
198.478999,351.731496,2021-05-31 17:23:06 
198.483541,351.739675,2021-05-31 17:23:07 
198.48791,351.747853,2021-05-31 17:23:08 
198.492193,351.756147,2021-05-31 17:23:09 
198.496133,351.763979,2021-05-31 17:23:10 
198.499131,351.770083,2021-05-31 17:23:11 
198.502299,351.776648,2021-05-31 17:23:12 
198.505554,351.782984,2021-05-31 17:23:13 
198.50838,351.788742,2021-05-31 17:23:14 
198.510864,351.793695,2021-05-31 17:23:15 
198.513006,351.797727,2021-05-31 17:23:16 
198.514718,351.801412,2021-05-31 17:23:17 
198.516003,351.803946,2021-05-31 17:23:18 
198.516859,351.805789,2021-05-31 17:23:19 
198.517375,351.806135,2021-05-31 17:23:20 
198.517461,351.806251,2021-05-31 17:23:21 
198.51729,351.805905,2021-05-31 17:23:22 
198.517463,351.805561,2021-05-31 17:23:23 
198.517463,351.805561,2021-05-31 17:23:24 
198.517806,351.806022,2021-05-31 17:23:25 
198.518491,351.807519,2021-05-31 17:23:26 
198.519604,351.809937,2021-05-31 17:23:27 
198.520801,351.812931,2021-05-31 17:23:28 
198.521222,351.816613,2021-05-31 17:23:29 
198.520781,351.820293,2021-05-31 17:23:30 
198.518182,351.826037,2021-05-31 17:23:31 
198.515758,351.830861,2021-05-31 17:23:32 
198.513247,351.835685,2021-05-31 17:23:33 
198.510652,351.839934,2021-05-31 17:23:34 
198.507977,351.842112,2021-05-31 17:23:35 
198.502469,351.840717,2021-05-31 17:23:36 
198.497815,351.842314,2021-05-31 17:23:37 
198.493159,351.844602,2021-05-31 17:23:38 
198.489449,351.847123,2021-05-31 17:23:39 
198.486426,351.850565,2021-05-31 17:23:40 
198.482972,351.853891,2021-05-31 17:23:41 
198.483826,351.856654,2021-05-31 17:23:42 
198.487969,351.8531,2021-05-31 17:23:43 
198.489512,351.855405,2021-05-31 17:23:44 
198.490372,351.855982,2021-05-31 17:23:45 
198.490886,351.856904,2021-05-31 17:23:46 
198.490711,351.858168,2021-05-31 17:23:47 
198.490449,351.859433,2021-05-31 17:23:48 
198.490102,351.860467,2021-05-31 17:23:49 
198.488206,351.861037,2021-05-31 17:23:50 
198.486567,351.861953,2021-05-31 17:23:51 
198.486306,351.862757,2021-05-31 17:23:52 
198.485789,351.863101,2021-05-31 17:23:53 
198.485617,351.862985,2021-05-31 17:23:54 
198.485532,351.862525,2021-05-31 17:23:55 
198.485274,351.862524,2021-05-31 17:23:56 
198.485015,351.862524,2021-05-31 17:23:57 
198.484757,351.862523,2021-05-31 17:23:58 
198.484757,351.862523,2021-05-31 17:23:59 
198.484068,351.862406,2021-05-31 17:24:00 
198.483466,351.862174,2021-05-31 17:24:01 
198.484673,351.861833,2021-05-31 17:24:02 
198.489161,351.857934,2021-05-31 17:24:03 
198.489592,351.857935,2021-05-31 17:24:04 
198.489592,351.857935,2021-05-31 17:24:32 
198.489321,351.86242,2021-05-31 17:24:33 
198.488287,351.862878,2021-05-31 17:24:34 
198.493544,351.861397,2021-05-31 17:24:35 
198.494059,351.861973,2021-05-31 17:24:36 
198.49449,351.861744,2021-05-31 17:24:37 
198.495528,351.860022,2021-05-31 17:24:38 
198.495786,351.859907,2021-05-31 17:24:39 
198.495786,351.859907,2021-05-31 17:24:51 
198.500015,351.856698,2021-05-31 17:24:52 
198.501393,351.856357,2021-05-31 17:24:53 
198.502256,351.856014,2021-05-31 17:24:54 
198.502859,351.855671,2021-05-31 17:24:55 
198.503377,351.855442,2021-05-31 17:24:56 
198.50398,351.855099,2021-05-31 17:24:57 
198.502773,351.855671,2021-05-31 17:24:58 
198.502427,351.856245,2021-05-31 17:24:59 
198.502513,351.85636,2021-05-31 17:25:00 
198.502772,351.856246,2021-05-31 17:25:01 
198.502599,351.85636,2021-05-31 17:25:02 
198.502599,351.85636,2021-05-31 17:25:16 
198.472681,351.869852,2021-05-31 17:25:17 
198.472681,351.869852,2021-05-31 17:25:18 
198.472682,351.869737,2021-05-31 17:25:19 
198.472682,351.869737,2021-05-31 17:25:36 
198.470268,351.870535,2021-05-31 17:25:37 
198.470699,351.870421,2021-05-31 17:25:38 
198.471216,351.870193,2021-05-31 17:25:39 
198.47182,351.869734,2021-05-31 17:25:40 
198.47139,351.869848,2021-05-31 17:25:41 
198.485527,351.864481,2021-05-31 17:25:42 
198.487598,351.862646,2021-05-31 17:25:43 
198.489668,351.861731,2021-05-31 17:25:44 
198.490878,351.859894,2021-05-31 17:25:45 
198.489844,351.860006,2021-05-31 17:25:46 
198.490793,351.859549,2021-05-31 17:25:47 
198.491914,351.858862,2021-05-31 17:25:48 
198.493121,351.85829,2021-05-31 17:25:49 
198.497002,351.856345,2021-05-31 17:25:50 
198.497519,351.856116,2021-05-31 17:25:51 
198.497692,351.855772,2021-05-31 17:25:52 
198.498297,351.855083,2021-05-31 17:25:53 
198.498556,351.854969,2021-05-31 17:25:54 
198.499075,351.853935,2021-05-31 17:25:55 
198.500106,351.854973,2021-05-31 17:25:56 
198.500535,351.855319,2021-05-31 17:25:57 
198.501483,351.855092,2021-05-31 17:25:58 
198.501827,351.855093,2021-05-31 17:25:59 
198.496394,351.858069,2021-05-31 17:26:00 
198.493807,351.859442,2021-05-31 17:26:01 
198.492513,351.860244,2021-05-31 17:26:02 
198.492513,351.860244,2021-05-31 17:26:03 
198.490447,351.860008,2021-05-31 17:26:04 
198.489845,351.859891,2021-05-31 17:26:05 
198.490103,351.859777,2021-05-31 17:26:06 
198.489585,351.860581,2021-05-31 17:26:07 
198.48941,351.861385,2021-05-31 17:26:08 
198.489323,351.861615,2021-05-31 17:26:09 
198.489323,351.861615,2021-05-31 17:26:12 
198.489748,351.863687,2021-05-31 17:26:13 
198.489489,351.864031,2021-05-31 17:26:14 
198.484915,351.867815,2021-05-31 17:26:15 
198.482327,351.869418,2021-05-31 17:26:16 
198.484134,351.869768,2021-05-31 17:26:17 
198.483269,351.871491,2021-05-31 17:26:18 
198.482835,351.872755,2021-05-31 17:26:19 
198.48249,351.872869,2021-05-31 17:26:20 
198.482402,351.873444,2021-05-31 17:26:21 
198.48266,351.87356,2021-05-31 17:26:22 
198.483005,351.873561,2021-05-31 17:26:23 
198.484123,351.873909,2021-05-31 17:26:24 
198.485679,351.871727,2021-05-31 17:26:25 
198.48637,351.871039,2021-05-31 17:26:26 
198.486284,351.870809,2021-05-31 17:26:27 
198.480611,351.866998,2021-05-31 17:26:28 
198.480439,351.866997,2021-05-31 17:26:29 
198.479749,351.867455,2021-05-31 17:26:30 
198.483117,351.863899,2021-05-31 17:26:31 
198.483117,351.863899,2021-05-31 17:26:32 
198.483031,351.863784,2021-05-31 17:26:33 
198.483031,351.863784,2021-05-31 17:26:47 
198.484666,351.864363,2021-05-31 17:26:48 
198.485267,351.864825,2021-05-31 17:26:49 
198.485697,351.865056,2021-05-31 17:26:50 
198.486387,351.864598,2021-05-31 17:26:51 
198.484752,351.864363,2021-05-31 17:26:52 
198.484923,351.864709,2021-05-31 17:26:53 
198.485358,351.86333,2021-05-31 17:26:54 
198.485358,351.86333,2021-05-31 17:26:59 
198.486567,351.862068,2021-05-31 17:27:00 
198.486912,351.861839,2021-05-31 17:27:01 
198.487257,351.861495,2021-05-31 17:27:02 
198.487602,351.861266,2021-05-31 17:27:03 
198.487861,351.861036,2021-05-31 17:27:04 
198.487777,351.860346,2021-05-31 17:27:05 
198.48795,351.860116,2021-05-31 17:27:06 
198.487092,351.858849,2021-05-31 17:27:07 
198.487439,351.857814,2021-05-31 17:27:08 
198.489771,351.85552,2021-05-31 17:27:09 
198.490976,351.855409,2021-05-31 17:27:10 
198.48847,351.858622,2021-05-31 17:27:11 
198.487612,351.8577,2021-05-31 17:27:12 
198.486841,351.856317,2021-05-31 17:27:13 
198.486069,351.855165,2021-05-31 17:27:14 
198.485297,351.854013,2021-05-31 17:27:15 
198.484958,351.851826,2021-05-31 17:27:16 
198.48479,351.850216,2021-05-31 17:27:17 
198.484885,351.846995,2021-05-31 17:27:18 
198.486796,351.840904,2021-05-31 17:27:19 
198.487321,351.8378,2021-05-31 17:27:20 
198.489309,351.83516,2021-05-31 17:27:21 
198.493107,351.83195,2021-05-31 17:27:22 
198.495868,351.829887,2021-05-31 17:27:23 
198.499922,351.827367,2021-05-31 17:27:24 
198.503976,351.825193,2021-05-31 17:27:25 
198.507683,351.823593,2021-05-31 17:27:26 
198.510097,351.822564,2021-05-31 17:27:27 
198.511563,351.821878,2021-05-31 17:27:28 
198.511994,351.821649,2021-05-31 17:27:29 
198.511993,351.821994,2021-05-31 17:27:30 
198.512079,351.821994,2021-05-31 17:27:31 
198.512079,351.821994,2021-05-31 17:27:47 
198.513029,351.820962,2021-05-31 17:27:48 
198.513978,351.820159,2021-05-31 17:27:49 
198.515446,351.818783,2021-05-31 17:27:50 
198.517432,351.816833,2021-05-31 17:27:51 
198.524316,351.818692,2021-05-31 17:27:52 
198.530858,351.819515,2021-05-31 17:27:53 
198.536542,351.819645,2021-05-31 17:27:54 
198.542397,351.819891,2021-05-31 17:27:55 
198.5504,351.821869,2021-05-31 17:27:56 
198.544422,351.83485,2021-05-31 17:27:57 
198.545438,351.841409,2021-05-31 17:27:58 
198.547743,351.848662,2021-05-31 17:27:59 
198.550395,351.855225,2021-05-31 17:28:00 
198.553563,351.861675,2021-05-31 17:28:01 
198.55699,351.868356,2021-05-31 17:28:02 
198.560673,351.875613,2021-05-31 17:28:03 
198.564441,351.882984,2021-05-31 17:28:04 
198.568295,351.890701,2021-05-31 17:28:05 
198.572062,351.898763,2021-05-31 17:28:06 
198.575312,351.907054,2021-05-31 17:28:07 
198.578216,351.915574,2021-05-31 17:28:08 
198.580862,351.924323,2021-05-31 17:28:09 
198.582903,351.93353,2021-05-31 17:28:10 
198.584341,351.943196,2021-05-31 17:28:11 
198.585347,351.953091,2021-05-31 17:28:12 
198.585751,351.962869,2021-05-31 17:28:13 
198.586065,351.973797,2021-05-31 17:28:14 
198.586294,351.98461,2021-05-31 17:28:15 
198.586522,351.995768,2021-05-31 17:28:16 
198.586662,352.007385,2021-05-31 17:28:17 
198.586802,352.019118,2021-05-31 17:28:18 
198.587028,352.030851,2021-05-31 17:28:19 
198.587081,352.043044,2021-05-31 17:28:20 
198.587651,352.055123,2021-05-31 17:28:21 
198.588738,352.066858,2021-05-31 17:28:22 
198.590772,352.078826,2021-05-31 17:28:23 
198.593495,352.090451,2021-05-31 17:28:24 
198.597511,352.101849,2021-05-31 17:28:25 
198.601789,352.111868,2021-05-31 17:28:26 
198.606583,352.122233,2021-05-31 17:28:27 
198.611204,352.132598,2021-05-31 17:28:28 
198.617464,352.142047,2021-05-31 17:28:29 
198.622345,352.151722,2021-05-31 17:28:30 
198.627142,352.160822,2021-05-31 17:28:31 
198.631854,352.169577,2021-05-31 17:28:32 
198.636567,352.178102,2021-05-31 17:28:33 
198.640935,352.186511,2021-05-31 17:28:34 
198.645046,352.194459,2021-05-31 17:28:35 
198.649072,352.202176,2021-05-31 17:28:36 
198.653098,352.209549,2021-05-31 17:28:37 
198.657125,352.216806,2021-05-31 17:28:38 
198.661498,352.22372,2021-05-31 17:28:39 
198.665181,352.230861,2021-05-31 17:28:40 
198.668692,352.237887,2021-05-31 17:28:41 
198.672289,352.244914,2021-05-31 17:28:42 
198.675885,352.252055,2021-05-31 17:28:43 
198.679654,352.259427,2021-05-31 17:28:44 
198.68368,352.2668,2021-05-31 17:28:45 
198.687706,352.274287,2021-05-31 17:28:46 
198.691904,352.282006,2021-05-31 17:28:47 
198.696274,352.289839,2021-05-31 17:28:48 
198.700471,352.297902,2021-05-31 17:28:49 
198.70458,352.306311,2021-05-31 17:28:50 
198.708603,352.314948,2021-05-31 17:28:51 
198.71254,352.323816,2021-05-31 17:28:52 
198.716388,352.333144,2021-05-31 17:28:53 
198.720064,352.342701,2021-05-31 17:28:54 
198.723739,352.352603,2021-05-31 17:28:55 
198.726983,352.362849,2021-05-31 17:28:56 
198.729881,352.373554,2021-05-31 17:28:57 
198.73252,352.384374,2021-05-31 17:28:58 
198.734984,352.396228,2021-05-31 17:28:59 
198.737708,352.407623,2021-05-31 17:29:00 
198.74069,352.418788,2021-05-31 17:29:01 
198.743759,352.429954,2021-05-31 17:29:02 
198.746742,352.44112,2021-05-31 17:29:03 
198.749724,352.45217,2021-05-31 17:29:04 
198.752622,352.463106,2021-05-31 17:29:05 
198.755347,352.473925,2021-05-31 17:29:06 
198.758072,352.484745,2021-05-31 17:29:07 
198.760625,352.495564,2021-05-31 17:29:08 
198.763004,352.506843,2021-05-31 17:29:09 
198.765557,352.517893,2021-05-31 17:29:10 
198.768195,352.528827,2021-05-31 17:29:11 
198.770577,352.539416,2021-05-31 17:29:12 
198.772958,352.55012,2021-05-31 17:29:13 
198.775764,352.562665,2021-05-31 17:29:14 
198.778401,352.57429,2021-05-31 17:29:15 
198.780952,352.585684,2021-05-31 17:29:16 
198.783504,352.596849,2021-05-31 17:29:17 
198.785798,352.607897,2021-05-31 17:29:18 
198.788435,352.619407,2021-05-31 17:29:19 
198.791244,352.630917,2021-05-31 17:29:20 
198.793967,352.642427,2021-05-31 17:29:21 
198.796431,352.654051,2021-05-31 17:29:22 
198.798982,352.665561,2021-05-31 17:29:23 
198.801446,352.677185,2021-05-31 17:29:24 
198.803911,352.688809,2021-05-31 17:29:25 
198.806548,352.700089,2021-05-31 17:29:26 
198.807727,352.709639,2021-05-31 17:29:27 
198.810536,352.721034,2021-05-31 17:29:28 
198.813002,352.732314,2021-05-31 17:29:29 
198.815467,352.743708,2021-05-31 17:29:30 
198.817932,352.755102,2021-05-31 17:29:31 
198.821001,352.765923,2021-05-31 17:29:32 
198.823041,352.775361,2021-05-31 17:29:33 
198.825423,352.785604,2021-05-31 17:29:34 
198.827719,352.795733,2021-05-31 17:29:35 
198.830362,352.805172,2021-05-31 17:29:36 
198.832834,352.814036,2021-05-31 17:29:37 
198.835048,352.822669,2021-05-31 17:29:38 
198.837264,352.830727,2021-05-31 17:29:39 
198.839221,352.838784,2021-05-31 17:29:40 
198.840923,352.84615,2021-05-31 17:29:41 
198.842538,352.853286,2021-05-31 17:29:42 
198.843811,352.859961,2021-05-31 17:29:43 
198.845519,352.865142,2021-05-31 17:29:44 
198.847139,352.870782,2021-05-31 17:29:45 
198.849279,352.875159,2021-05-31 17:29:46 
198.851331,352.880111,2021-05-31 17:29:47 
198.853642,352.884949,2021-05-31 17:29:48 
198.85604,352.889556,2021-05-31 17:29:49 
198.853378,352.887018,2021-05-31 17:29:50 
198.852948,352.886787,2021-05-31 17:29:51 
198.853548,352.887709,2021-05-31 17:29:52 
198.85389,352.888515,2021-05-31 17:29:53 
198.849857,352.883673,2021-05-31 17:29:54 
198.849942,352.884133,2021-05-31 17:29:55 
198.849769,352.884363,2021-05-31 17:29:56 
198.849768,352.884708,2021-05-31 17:29:57 
198.849167,352.884361,2021-05-31 17:29:58 
198.848994,352.884475,2021-05-31 17:29:59 
198.848735,352.884705,2021-05-31 17:30:00 
198.848735,352.884705,2021-05-31 17:30:12 
198.850033,352.882293,2021-05-31 17:30:13 
198.85029,352.882984,2021-05-31 17:30:14 
198.850461,352.883444,2021-05-31 17:30:15 
198.850632,352.88379,2021-05-31 17:30:16 
198.850202,352.883559,2021-05-31 17:30:17 
198.849943,352.883788,2021-05-31 17:30:18 
198.849686,352.883442,2021-05-31 17:30:19 
198.849686,352.883442,2021-05-31 17:30:22 
198.848131,352.885278,2021-05-31 17:30:23 
198.847352,352.886886,2021-05-31 17:30:24 
198.847859,352.890108,2021-05-31 17:30:25 
198.852059,352.896792,2021-05-31 17:30:26 
198.852817,352.90289,2021-05-31 17:30:27 
198.853833,352.908989,2021-05-31 17:30:28 
198.853986,352.915891,2021-05-31 17:30:29 
198.854311,352.922793,2021-05-31 17:30:30 
198.854549,352.93004,2021-05-31 17:30:31 
198.854613,352.937862,2021-05-31 17:30:32 
198.854934,352.94626,2021-05-31 17:30:33 
198.855513,352.954543,2021-05-31 17:30:34 
198.856006,352.963056,2021-05-31 17:30:35 
198.856326,352.971799,2021-05-31 17:30:36 
198.856731,352.980772,2021-05-31 17:30:37 
198.857222,352.99009,2021-05-31 17:30:38 
198.857626,352.999523,2021-05-31 17:30:39 
198.857857,353.009186,2021-05-31 17:30:40 
198.857052,353.019996,2021-05-31 17:30:41 
198.856677,353.030692,2021-05-31 17:30:42 
198.855785,353.041732,2021-05-31 17:30:43 
198.855153,353.052312,2021-05-31 17:30:44 
198.85547,353.062205,2021-05-31 17:30:45 
198.855786,353.072098,2021-05-31 17:30:46 
198.856361,353.082222,2021-05-31 17:30:47 
198.857279,353.092461,2021-05-31 17:30:48 
198.858369,353.102932,2021-05-31 17:30:49 
198.860234,353.113174,2021-05-31 17:30:50 
198.862789,353.123188,2021-05-31 17:30:51 
198.86543,353.133088,2021-05-31 17:30:52 
198.868843,353.144024,2021-05-31 17:30:53 
198.872342,353.154616,2021-05-31 17:30:54 
198.876446,353.16498,2021-05-31 17:30:55 
198.880807,353.175229,2021-05-31 17:30:56 
198.885511,353.1864,2021-05-31 17:30:57 
198.890561,353.196536,2021-05-31 17:30:58 
198.895956,353.206788,2021-05-31 17:30:59 
198.901092,353.217155,2021-05-31 17:31:00 
198.906917,353.227523,2021-05-31 17:31:01 
198.912483,353.238006,2021-05-31 17:31:02 
198.917963,353.248489,2021-05-31 17:31:03 
198.923011,353.259315,2021-05-31 17:31:04 
198.928319,353.269682,2021-05-31 17:31:05 
198.933197,353.280163,2021-05-31 17:31:06 
198.937729,353.290988,2021-05-31 17:31:07 
198.942089,353.301698,2021-05-31 17:31:08 
198.945932,353.312636,2021-05-31 17:31:09 
198.949085,353.323802,2021-05-31 17:31:10 
198.95155,353.335081,2021-05-31 17:31:11 
198.953585,353.346244,2021-05-31 17:31:12 
198.955274,353.357752,2021-05-31 17:31:13 
198.956447,353.369142,2021-05-31 17:31:14 
198.956844,353.380991,2021-05-31 17:31:15 
198.956465,353.393182,2021-05-31 17:31:16 
198.955828,353.405258,2021-05-31 17:31:17 
198.955019,353.417333,2021-05-31 17:31:18 
198.953949,353.430673,2021-05-31 17:31:19 
198.953052,353.443208,2021-05-31 17:31:20 
198.952415,353.455514,2021-05-31 17:31:21 
198.951864,353.46759,2021-05-31 17:31:22 
198.951228,353.479665,2021-05-31 17:31:23 
198.950678,353.491396,2021-05-31 17:31:24 
198.950042,353.503242,2021-05-31 17:31:25 
198.949321,353.514857,2021-05-31 17:31:26 
198.9486,353.526243,2021-05-31 17:31:27 
198.948396,353.537629,2021-05-31 17:31:28 
198.948106,353.548671,2021-05-31 17:31:29 
198.947646,353.559252,2021-05-31 17:31:30 
198.947273,353.569488,2021-05-31 17:31:31 
198.946814,353.579494,2021-05-31 17:31:32 
198.946269,353.589729,2021-05-31 17:31:33 
198.945637,353.600195,2021-05-31 17:31:34 
198.944918,353.610775,2021-05-31 17:31:35 
198.944199,353.62147,2021-05-31 17:31:36 
198.94348,353.63251,2021-05-31 17:31:37 
198.942673,353.643665,2021-05-31 17:31:38 
198.941867,353.654705,2021-05-31 17:31:39 
198.940975,353.665975,2021-05-31 17:31:40 
198.940428,353.676901,2021-05-31 17:31:41 
198.939881,353.687711,2021-05-31 17:31:42 
198.939247,353.698637,2021-05-31 17:31:43 
198.9387,353.709563,2021-05-31 17:31:44 
198.938238,353.720604,2021-05-31 17:31:45 
198.937777,353.731645,2021-05-31 17:31:46 
198.937057,353.742915,2021-05-31 17:31:47 
198.936335,353.75453,2021-05-31 17:31:48 
198.9357,353.766146,2021-05-31 17:31:49 
198.93515,353.778107,2021-05-31 17:31:50 
198.934685,353.790183,2021-05-31 17:31:51 
198.934393,353.802375,2021-05-31 17:31:52 
198.934014,353.814451,2021-05-31 17:31:53 
198.933722,353.826413,2021-05-31 17:31:54 
198.933258,353.838489,2021-05-31 17:31:55 
198.93288,353.85045,2021-05-31 17:31:56 
198.932501,353.862527,2021-05-31 17:31:57 
198.932209,353.874488,2021-05-31 17:31:58 
198.932263,353.886106,2021-05-31 17:31:59 
198.932402,353.897839,2021-05-31 17:32:00 
198.932541,353.909457,2021-05-31 17:32:01 
198.932767,353.92096,2021-05-31 17:32:02 
198.932821,353.932462,2021-05-31 17:32:03 
198.93296,353.943965,2021-05-31 17:32:04 
198.9331,353.955583,2021-05-31 17:32:05 
198.933068,353.96674,2021-05-31 17:32:06 
198.933037,353.977897,2021-05-31 17:32:07 
198.931886,353.989051,2021-05-31 17:32:08 
198.931339,353.999862,2021-05-31 17:32:09 
198.929502,354.010439,2021-05-31 17:32:10 
198.928442,354.019983,2021-05-31 17:32:11 
198.927384,354.029067,2021-05-31 17:32:12 
198.927018,354.036658,2021-05-31 17:32:13 
198.927172,354.043329,2021-05-31 17:32:14 
198.926982,354.04954,2021-05-31 17:32:15 
198.925932,354.055518,2021-05-31 17:32:16 
198.925403,354.060003,2021-05-31 17:32:17 
198.924878,354.062992,2021-05-31 17:32:18 
198.924703,354.064257,2021-05-31 17:32:19 
198.924701,354.064717,2021-05-31 17:32:20 
198.924616,354.064602,2021-05-31 17:32:21 
198.924271,354.064601,2021-05-31 17:32:22 
198.924271,354.064601,2021-05-31 17:33:25 
198.922551,354.064136,2021-05-31 17:33:26 
198.92255,354.064481,2021-05-31 17:33:27 
198.922549,354.064941,2021-05-31 17:33:28 
198.922462,354.065401,2021-05-31 17:33:29 
198.922547,354.065746,2021-05-31 17:33:30 
198.922546,354.065976,2021-05-31 17:33:31 
198.922631,354.066321,2021-05-31 17:33:32 
198.922629,354.067242,2021-05-31 17:33:33 
198.922623,354.069082,2021-05-31 17:33:34 
198.922616,354.071612,2021-05-31 17:33:35 
198.922521,354.074948,2021-05-31 17:33:36 
198.92251,354.078859,2021-05-31 17:33:37 
198.922411,354.083229,2021-05-31 17:33:38 
198.921968,354.087714,2021-05-31 17:33:39 
198.920837,354.092197,2021-05-31 17:33:40 
198.918588,354.096216,2021-05-31 17:33:41 
198.915565,354.099888,2021-05-31 17:33:42 
198.912715,354.103216,2021-05-31 17:33:43 
198.909952,354.106429,2021-05-31 17:33:44 
198.903942,354.101006,2021-05-31 17:33:45 
198.896119,354.097993,2021-05-31 17:33:46 
198.890185,354.096021,2021-05-31 17:33:47 
198.883822,354.093933,2021-05-31 17:33:48 
198.877114,354.092074,2021-05-31 17:33:49 
198.870234,354.090099,2021-05-31 17:33:50 
198.863267,354.088239,2021-05-31 17:33:51 
198.856215,354.086494,2021-05-31 17:33:52 
198.848818,354.084633,2021-05-31 17:33:53 
198.841163,354.082541,2021-05-31 17:33:54 
198.833337,354.080564,2021-05-31 17:33:55 
198.825252,354.078356,2021-05-31 17:33:56 
198.816995,354.076377,2021-05-31 17:33:57 
198.80848,354.074398,2021-05-31 17:33:58 
198.799793,354.072303,2021-05-31 17:33:59 
198.790934,354.069748,2021-05-31 17:34:00 
198.781731,354.067537,2021-05-31 17:34:01 
198.772184,354.065325,2021-05-31 17:34:02 
198.762722,354.062998,2021-05-31 17:34:03 
198.753519,354.060672,2021-05-31 17:34:04 
198.744661,354.058347,2021-05-31 17:34:05 
198.735801,354.056137,2021-05-31 17:34:06 
198.726684,354.053811,2021-05-31 17:34:07 
198.717309,354.051485,2021-05-31 17:34:08 
198.707504,354.049157,2021-05-31 17:34:09 
198.697354,354.046598,2021-05-31 17:34:10 
198.686861,354.044154,2021-05-31 17:34:11 
198.675851,354.041363,2021-05-31 17:34:12 
198.664756,354.038687,2021-05-31 17:34:13 
198.653574,354.035895,2021-05-31 17:34:14 
198.642479,354.032989,2021-05-31 17:34:15 
198.631297,354.030313,2021-05-31 17:34:16 
198.62003,354.027521,2021-05-31 17:34:17 
198.608762,354.024614,2021-05-31 17:34:18 
198.597409,354.021823,2021-05-31 17:34:19 
198.586055,354.018916,2021-05-31 17:34:20 
198.574444,354.016009,2021-05-31 17:34:21 
198.562832,354.013331,2021-05-31 17:34:22 
198.551048,354.010423,2021-05-31 17:34:23 
198.53935,354.007401,2021-05-31 17:34:24 
198.527826,354.004149,2021-05-31 17:34:25 
198.5163,354.001242,2021-05-31 17:34:26 
198.50486,353.99845,2021-05-31 17:34:27 
198.49342,353.995658,2021-05-31 17:34:28 
198.482153,353.992867,2021-05-31 17:34:29 
198.470713,353.990075,2021-05-31 17:34:30 
198.459359,353.987169,2021-05-31 17:34:31 
198.44792,353.984262,2021-05-31 17:34:32 
198.436566,353.981356,2021-05-31 17:34:33 
198.424954,353.978449,2021-05-31 17:34:34 
198.413257,353.975426,2021-05-31 17:34:35 
198.401472,353.972634,2021-05-31 17:34:36 
198.389517,353.969611,2021-05-31 17:34:37 
198.377303,353.966473,2021-05-31 17:34:38 
198.365089,353.963449,2021-05-31 17:34:39 
198.352789,353.960195,2021-05-31 17:34:40 
198.340317,353.957286,2021-05-31 17:34:41 
198.327586,353.954146,2021-05-31 17:34:42 
198.314771,353.950776,2021-05-31 17:34:43 
198.301869,353.947521,2021-05-31 17:34:44 
198.288881,353.944151,2021-05-31 17:34:45 
198.275893,353.94078,2021-05-31 17:34:46 
198.262905,353.93741,2021-05-31 17:34:47 
198.249916,353.934385,2021-05-31 17:34:48 
198.237013,353.93136,2021-05-31 17:34:49 
198.224282,353.928335,2021-05-31 17:34:50 
198.211724,353.925196,2021-05-31 17:34:51 
198.199337,353.922287,2021-05-31 17:34:52 
198.187382,353.919035,2021-05-31 17:34:53 
198.17534,353.916128,2021-05-31 17:34:54 
198.163297,353.91322,2021-05-31 17:34:55 
198.151426,353.910428,2021-05-31 17:34:56 
198.139642,353.907636,2021-05-31 17:34:57 
198.12803,353.904615,2021-05-31 17:34:58 
198.116417,353.901939,2021-05-31 17:34:59 
198.104889,353.899723,2021-05-31 17:35:00 
198.093446,353.897968,2021-05-31 17:35:01 
198.082175,353.896328,2021-05-31 17:35:02 
198.070816,353.895033,2021-05-31 17:35:03 
198.059458,353.893852,2021-05-31 17:35:04 
198.048099,353.892903,2021-05-31 17:35:05 
198.03674,353.891953,2021-05-31 17:35:06 
198.025294,353.891117,2021-05-31 17:35:07 
198.013848,353.890397,2021-05-31 17:35:08 
198.002489,353.889563,2021-05-31 17:35:09 
197.991215,353.888728,2021-05-31 17:35:10 
197.9802,353.887779,2021-05-31 17:35:11 
197.969788,353.886832,2021-05-31 17:35:12 
197.960495,353.885772,2021-05-31 17:35:13 
197.952234,353.885061,2021-05-31 17:35:14 
197.94509,353.884697,2021-05-31 17:35:15 
197.939239,353.884222,2021-05-31 17:35:16 
197.935109,353.883406,2021-05-31 17:35:17 
197.931753,353.883282,2021-05-31 17:35:18 
197.929687,353.883162,2021-05-31 17:35:19 
197.928483,353.883044,2021-05-31 17:35:20 
197.927278,353.882695,2021-05-31 17:35:21 
197.925989,353.882002,2021-05-31 17:35:22 
197.924786,353.881309,2021-05-31 17:35:23 
197.925486,353.877055,2021-05-31 17:35:24 
197.926012,353.873375,2021-05-31 17:35:25 
197.927054,353.869582,2021-05-31 17:35:26 
197.928269,353.865674,2021-05-31 17:35:27 
197.929484,353.861882,2021-05-31 17:35:28 
197.92993,353.856017,2021-05-31 17:35:29 
197.930545,353.851072,2021-05-31 17:35:30 
197.931075,353.845783,2021-05-31 17:35:31 
197.931864,353.840494,2021-05-31 17:35:32 
197.932652,353.835435,2021-05-31 17:35:33 
197.933267,353.830605,2021-05-31 17:35:34 
197.934054,353.825546,2021-05-31 17:35:35 
197.931932,353.814038,2021-05-31 17:35:36 
197.932293,353.807713,2021-05-31 17:35:37 
197.933426,353.80231,2021-05-31 17:35:38 
197.934732,353.796677,2021-05-31 17:35:39 
197.935952,353.790814,2021-05-31 17:35:40 
197.937172,353.784951,2021-05-31 17:35:41 
197.938479,353.778973,2021-05-31 17:35:42 
197.938846,353.770117,2021-05-31 17:35:43 
197.939383,353.762412,2021-05-31 17:35:44 
197.939749,353.754131,2021-05-31 17:35:45 
197.938743,353.743662,2021-05-31 17:35:46 
197.939538,353.735957,2021-05-31 17:35:47 
197.940247,353.728022,2021-05-31 17:35:48 
197.940784,353.720087,2021-05-31 17:35:49 
197.941577,353.712843,2021-05-31 17:35:50 
197.942199,353.705368,2021-05-31 17:35:51 
197.942821,353.697893,2021-05-31 17:35:52 
197.943443,353.690418,2021-05-31 17:35:53 
197.944151,353.683173,2021-05-31 17:35:54 
197.945031,353.675699,2021-05-31 17:35:55 
197.945825,353.668339,2021-05-31 17:35:56 
197.946532,353.66098,2021-05-31 17:35:57 
197.948873,353.654544,2021-05-31 17:35:58 
197.950008,353.648451,2021-05-31 17:35:59 
197.950283,353.642011,2021-05-31 17:36:00 
197.950213,353.635914,2021-05-31 17:36:01 
197.953909,353.637879,2021-05-31 17:36:02 
197.954002,353.635119,2021-05-31 17:36:03 
197.954264,353.633739,2021-05-31 17:36:04 
197.953838,353.632013,2021-05-31 17:36:05 
197.953326,353.630516,2021-05-31 17:36:06 
197.952727,353.629019,2021-05-31 17:36:07 
197.952128,353.627522,2021-05-31 17:36:08 
197.951444,353.62591,2021-05-31 17:36:09 
197.939484,353.624039,2021-05-31 17:36:10 
197.934236,353.62276,2021-05-31 17:36:11 
197.929159,353.622172,2021-05-31 17:36:12 
197.924083,353.621123,2021-05-31 17:36:13 
197.91918,353.61996,2021-05-31 17:36:14 
197.914449,353.618568,2021-05-31 17:36:15 
197.909805,353.617175,2021-05-31 17:36:16 
197.904215,353.615206,2021-05-31 17:36:17 
197.899485,353.613238,2021-05-31 17:36:18 
197.894928,353.611386,2021-05-31 17:36:19 
197.890714,353.609765,2021-05-31 17:36:20 
197.88719,353.607915,2021-05-31 17:36:21 
197.884614,353.605378,2021-05-31 17:36:22 
197.882555,353.602612,2021-05-31 17:36:23 
197.882393,353.598931,2021-05-31 17:36:24 
197.881368,353.595593,2021-05-31 17:36:25 
197.881973,353.594904,2021-05-31 17:36:26 
197.885233,353.598938,2021-05-31 17:36:27 
197.885148,353.598478,2021-05-31 17:36:28 
197.885064,353.597903,2021-05-31 17:36:29 
197.886009,353.598595,2021-05-31 17:36:30 
